"customerid";"purchasefrequency";"averagespending";"recencyofpurchase"
1;1;95.1;256
2;3;1852.48;152
3;0;0.0;0
4;4;895.48;47
5;3;356.23;95
6;1;586.2;304
7;1;951.45;4
8;1;190.51;185
9;3;673.79;154
10;4;1380.12;39
11;4;957.07;117
12;3;996.08;17
13;2;355.91;71
14;0;0.0;0
15;4;753.49;22
16;1;368.07;102
17;5;1073.3;121
18;2;669.32;135
19;2;227.35;197
20;5;573.45;11
21;1;310.04;86
22;1;2035.35;255
23;1;439.6;122
24;4;477.48;79
25;3;599.95;70
26;5;1265.61;60
27;1;170.8;58
28;2;667.89;82
29;2;896.09;201
30;4;400.06;218
31;3;1096.78;68
32;2;699.06;69
33;1;504.58;43
34;2;436.31;147
35;6;804.45;130
36;2;349.64;4
37;3;429.06;7
38;1;629.88;0
39;4;1039.12;20
40;2;873.92;269
41;0;0.0;0
42;0;0.0;0
43;1;104.82;70
44;5;589.26;71
45;5;400.29;156
46;1;231.78;276
47;4;1028.96;38
48;2;1149.53;202
49;3;1652.9;40
50;0;0.0;0
51;3;1392.4;67
52;3;1076.14;151
53;0;0.0;0
54;5;1203.84;82
55;3;1521.52;105
56;2;98.54;57
57;6;580.86;75
58;1;559.26;208
59;2;620.75;78
60;3;558.51;165
61;7;863.42;42
62;0;0.0;0
63;6;1084.61;6
64;2;316.1;116
65;4;540.9;9
66;1;649.55;201
67;2;1139.73;12
68;2;1031.43;26
69;3;254.56;18
70;4;581.39;22
71;1;827.48;163
72;2;230.91;110
73;0;0.0;0
74;2;1074.16;88
75;4;909.79;10
76;2;1238.29;182
77;4;893.5;40
78;1;456.71;71
79;4;889.96;100
80;0;0.0;0
81;6;709.66;26
82;2;864.61;268
83;1;872.32;55
84;4;529.56;72
85;3;411.78;100
86;1;263.92;99
87;2;812.17;347
88;5;597.87;81
89;2;828.34;144
90;2;648.25;7
91;3;237.07;85
92;0;0.0;0
93;4;802.07;19
94;5;1020.79;166
95;2;729.15;32
96;2;1644.88;28
97;0;0.0;0
98;4;843.85;50
99;1;1948.2;280
100;1;1795.92;59
101;1;934.6;343
102;3;1280.52;25
103;2;395.56;149
104;3;272.68;131
105;2;1682.53;54
106;3;795.88;103
107;2;739.15;225
108;1;2279.1;115
109;2;611.92;15
110;2;988.17;286
111;0;0.0;0
112;2;328.07;81
113;1;826.2;164
114;0;0.0;0
115;2;542.04;288
116;3;732.75;58
117;1;1986.56;217
118;3;446.36;73
119;6;743.89;20
120;1;330.48;275
121;2;191.53;41
122;2;577.8;54
123;2;663.65;282
124;5;574.12;43
125;2;1675.28;134
126;3;882.34;195
127;3;915.51;238
128;4;780.41;74
129;2;422.62;69
130;2;130.94;5
131;3;865.13;106
132;1;390.8;115
133;2;366.89;108
134;2;543.95;101
135;3;466.01;32
136;3;522.21;149
137;1;710.04;40
138;1;498.26;264
139;1;348.4;319
140;2;460.98;108
141;6;773.26;18
142;3;556.76;59
143;5;1055.53;81
144;3;437.29;42
145;3;1415.96;95
146;4;742.33;18
147;0;0.0;0
148;1;583.12;145
149;0;0.0;0
150;3;744.67;215
151;3;760.62;45
152;2;417.73;210
153;1;376.7;26
154;4;1035.39;137
155;2;663.51;24
156;6;782.73;10
157;3;678.61;21
158;1;459.14;264
159;6;711.41;17
160;3;380.24;36
161;3;993.38;33
162;3;874.1;197
163;1;795.3;82
164;5;998.04;48
165;3;1182.86;111
166;3;1312.57;114
167;1;888.02;322
168;2;703.51;200
169;2;1172.49;113
170;4;1086.37;33
171;4;334.67;2
172;4;826.39;18
173;1;391.35;221
174;2;943.42;151
175;0;0.0;0
176;1;495.29;15
177;1;39.18;261
178;2;680.59;25
179;2;482.19;198
180;2;270.34;3
181;1;1374.57;64
182;3;307.51;82
183;1;843.75;82
184;5;503.07;71
185;2;1313.71;94
186;4;582.26;130
187;1;374.75;14
188;7;1018.01;80
189;2;195.53;112
190;2;612.23;1
191;4;1142.48;13
192;7;1065.69;69
193;2;830.62;36
194;5;805.97;3
195;2;1239.28;119
196;3;523.23;32
197;2;578.6;174
198;4;350.56;8
199;5;662.68;9
200;3;629.12;52
201;1;1125.0;356
202;3;454.53;105
203;4;753.62;21
204;2;1185.31;10
205;5;831.99;73
206;1;1862.35;108
207;3;409.39;81
208;2;1128.69;18
209;0;0.0;0
210;1;446.95;334
211;3;292.92;67
212;4;294.36;114
213;3;949.34;81
214;1;1002.72;210
215;1;1449.2;329
216;2;804.31;93
217;2;418.35;54
218;4;952.33;31
219;0;0.0;0
220;6;904.1;55
221;2;1103.34;105
222;5;561.06;116
223;4;210.95;248
224;6;1085.79;63
225;3;528.14;229
226;0;0.0;0
227;2;860.64;194
228;3;454.15;145
229;2;416.12;5
230;3;823.93;54
231;0;0.0;0
232;3;1094.59;271
233;4;1114.29;152
234;3;1444.17;136
235;3;835.12;110
236;1;971.0;149
237;2;156.34;285
238;1;1399.26;281
239;1;120.42;149
240;1;1124.25;205
241;2;492.0;59
242;3;300.68;86
243;5;804.47;171
244;1;213.0;137
245;3;408.05;21
246;2;477.91;53
247;2;1067.57;145
248;4;1226.2;50
249;2;855.07;122
250;2;807.24;137
251;4;697.8;19
252;2;920.54;120
253;1;360.51;117
254;4;997.61;6
255;3;825.16;25
256;1;204.58;235
257;2;1205.48;292
258;3;681.83;238
259;3;516.09;44
260;5;1095.96;16
261;3;366.37;28
262;1;2316.15;323
263;4;828.7;28
264;1;641.67;299
265;3;662.46;85
266;6;985.83;74
267;2;879.94;20
268;1;1717.04;258
269;4;746.45;110
270;1;696.8;24
271;3;723.9;20
272;2;687.28;234
273;3;839.37;10
274;3;633.63;29
275;3;1215.17;3
276;4;1305.47;88
277;5;725.0;144
278;1;714.52;328
279;1;928.86;315
280;1;586.2;92
281;5;1145.15;126
282;4;275.9;109
283;5;962.52;64
284;4;358.74;283
285;2;1053.22;290
286;6;1369.82;5
287;5;1108.09;70
288;2;1324.05;194
289;3;692.65;134
290;3;719.84;115
291;5;755.61;42
292;3;569.63;207
293;5;668.35;108
294;5;413.86;183
295;0;0.0;0
296;2;189.4;11
297;3;570.9;241
298;2;398.31;325
299;4;1158.91;49
300;1;137.52;284
301;2;1562.06;232
302;2;968.98;243
303;1;798.02;18
304;6;896.02;40
305;2;174.15;16
306;7;733.3;53
307;1;19.91;350
308;3;431.75;170
309;0;0.0;0
310;2;1996.91;228
311;3;1255.81;69
312;5;591.01;38
313;6;605.34;25
314;2;978.87;6
315;1;650.7;102
316;2;1212.47;49
317;1;298.79;241
318;1;1993.04;108
319;6;676.13;62
320;4;1034.49;0
321;2;706.19;3
322;1;275.04;50
323;1;353.97;296
324;4;818.08;1
325;1;34.94;233
326;1;218.47;182
327;3;424.45;3
328;5;759.36;12
329;2;1613.72;184
330;0;0.0;0
331;5;412.54;41
332;1;1070.04;224
333;2;361.81;19
334;3;729.22;17
335;0;0.0;0
336;2;1328.26;147
337;2;575.91;35
338;2;906.6;195
339;4;714.44;13
340;3;709.04;53
341;4;787.12;24
342;1;220.39;212
343;3;1501.24;106
344;1;345.0;282
345;2;1198.61;213
346;3;1085.25;34
347;0;0.0;0
348;4;401.67;10
349;3;992.23;233
350;1;227.16;25
351;1;790.96;298
352;4;368.4;144
353;2;340.22;326
354;2;1455.25;107
355;5;645.08;19
356;2;955.88;136
357;0;0.0;0
358;1;127.59;56
359;2;1118.68;226
360;5;543.79;34
361;4;751.62;227
362;3;721.02;0
363;4;878.05;5
364;5;1194.15;27
365;2;531.57;128
366;2;74.39;157
367;2;980.91;247
368;4;1232.22;190
369;7;532.67;22
370;3;852.52;19
371;7;875.75;39
372;2;1288.28;43
373;4;568.29;5
374;5;870.02;137
375;4;581.75;35
376;3;744.21;131
377;5;459.27;78
378;2;728.68;74
379;2;479.34;223
380;3;407.61;84
381;2;1073.11;291
382;5;688.07;115
383;4;528.1;4
384;1;442.49;307
385;2;1357.64;173
386;0;0.0;0
387;5;524.64;139
388;2;1360.96;132
389;2;1141.83;25
390;4;1076.76;141
391;1;254.25;310
392;1;566.08;34
393;4;1207.33;7
394;1;1840.56;319
395;5;500.62;155
396;3;310.63;98
397;3;321.54;41
398;4;464.39;110
399;3;609.07;35
400;2;1197.2;121
401;5;824.32;223
402;3;908.37;118
403;1;390.61;266
404;0;0.0;0
405;1;1370.13;216
406;0;0.0;0
407;1;1039.76;339
408;4;775.44;30
409;1;370.31;162
410;5;871.06;28
411;1;1628.28;161
412;4;334.14;107
413;3;818.07;44
414;3;943.75;63
415;6;1304.48;17
416;2;700.35;212
417;2;323.77;159
418;2;1082.74;19
419;3;856.28;91
420;4;705.68;11
421;5;834.01;59
422;3;1072.23;138
423;1;1456.5;180
424;7;673.62;38
425;2;488.56;243
426;4;477.36;48
427;4;999.96;187
428;3;1176.27;174
429;2;451.7;61
430;3;1171.94;53
431;2;963.0;4
432;1;1966.15;68
433;3;887.46;42
434;3;1006.92;130
435;2;336.59;244
436;2;402.37;157
437;4;388.01;10
438;2;744.71;215
439;1;2400.15;29
440;2;1090.38;69
441;2;364.4;64
442;5;1572.71;85
443;3;564.27;111
444;3;920.13;24
445;5;734.57;3
446;5;1179.09;38
447;3;1844.36;95
448;0;0.0;0
449;6;792.9;18
450;1;1851.55;117
451;3;1383.71;12
452;5;701.21;11
453;1;235.81;346
454;1;1455.93;219
455;1;954.5;308
456;0;0.0;0
457;2;251.14;0
458;5;539.73;32
459;5;441.86;77
460;3;646.91;86
461;9;669.69;9
462;1;1124.25;73
463;4;888.71;89
464;2;556.91;108
465;6;599.73;11
466;2;1700.61;56
467;4;1097.0;33
468;2;430.03;19
469;6;1115.4;105
470;1;1070.04;133
471;0;0.0;0
472;3;604.26;66
473;0;0.0;0
474;0;0.0;0
475;4;839.25;12
476;1;2261.65;68
477;1;208.08;67
478;2;1202.33;239
479;3;269.82;227
480;3;408.08;63
481;2;488.33;47
482;3;543.2;131
483;6;972.0;60
484;5;1099.35;23
485;2;322.9;151
486;1;298.52;41
487;3;527.96;223
488;1;103.89;20
489;2;287.89;188
490;1;542.61;236
491;8;309.5;86
492;1;591.46;89
493;1;429.73;352
494;3;788.63;21
495;0;0.0;0
496;2;301.65;252
497;0;0.0;0
498;2;904.26;117
499;2;1079.81;190
500;1;1581.92;69
501;1;394.24;294
502;1;386.2;136
503;0;0.0;0
504;2;555.0;206
505;2;755.83;176
506;0;0.0;0
507;1;1072.89;261
508;2;414.62;197
509;5;861.38;37
510;3;1133.01;95
511;1;1677.96;281
512;0;0.0;0
513;2;1116.22;212
514;3;555.86;66
515;2;781.39;147
516;5;633.71;14
517;4;875.71;15
518;5;822.3;5
519;3;277.11;47
520;2;1006.22;155
521;1;348.4;284
522;3;721.07;12
523;0;0.0;0
524;2;439.57;93
525;4;808.86;136
526;3;614.05;153
527;5;556.06;28
528;3;666.9;231
529;5;743.38;103
530;4;401.5;62
531;3;702.31;191
532;1;2127.1;298
533;4;1266.21;8
534;3;494.78;155
535;3;880.75;34
536;1;345.52;65
537;3;1126.24;30
538;2;821.37;187
539;6;612.63;228
540;0;0.0;0
541;3;1063.95;3
542;3;678.04;193
543;2;656.58;17
544;2;705.29;72
545;5;650.99;36
546;3;1275.54;105
547;0;0.0;0
548;3;157.71;24
549;1;2420.8;160
550;0;0.0;0
551;3;1319.23;87
552;4;580.12;90
553;7;815.11;48
554;0;0.0;0
555;3;1022.24;38
556;3;1075.24;69
557;1;1545.9;88
558;0;0.0;0
559;2;691.98;202
560;2;382.59;58
561;1;467.88;46
562;1;815.07;157
563;2;416.95;204
564;5;829.74;1
565;1;2388.25;37
566;2;660.56;134
567;3;368.07;191
568;4;636.08;57
569;1;248.91;195
570;3;985.66;1
571;2;1854.88;279
572;2;323.89;107
573;4;1306.77;65
574;5;1092.9;138
575;5;692.08;66
576;2;1006.02;75
577;2;207.39;132
578;3;529.21;49
579;1;1261.5;245
580;0;0.0;0
581;2;348.23;62
582;4;217.33;60
583;2;772.05;209
584;1;280.08;145
585;3;1098.32;1
586;2;968.6;150
587;3;636.13;156
588;3;1361.85;2
589;3;662.21;139
590;2;792.18;108
591;2;1726.56;32
592;4;1036.54;60
593;1;259.94;338
594;4;467.11;75
595;4;419.81;46
596;5;342.03;105
597;2;954.47;121
598;5;653.26;27
599;5;895.23;14
600;3;522.76;52
601;3;340.77;189
602;4;708.19;70
603;9;636.17;34
604;5;1033.62;30
605;4;859.82;77
606;3;1421.01;182
607;2;521.59;80
608;3;742.32;12
609;1;170.12;112
610;1;675.27;235
611;2;1173.22;5
612;3;1017.59;148
613;3;405.58;160
614;6;790.88;18
615;3;1257.43;67
616;4;596.36;7
617;1;53.77;67
618;3;348.07;103
619;4;943.63;17
620;2;886.44;41
621;4;430.17;23
622;2;376.55;208
623;2;943.92;70
624;1;750.6;66
625;5;900.82;91
626;5;1050.91;4
627;2;988.8;67
628;4;648.71;49
629;2;1171.43;115
630;0;0.0;0
631;2;561.01;37
632;3;414.26;84
633;3;704.47;21
634;4;576.73;75
635;3;504.5;142
636;3;500.21;47
637;1;352.15;1
638;3;1669.94;3
639;1;74.17;77
640;4;806.79;37
641;0;0.0;0
642;3;680.17;159
643;4;1118.17;31
644;4;753.33;48
645;3;205.52;20
646;3;840.52;196
647;3;226.87;77
648;1;436.83;360
649;2;1359.26;242
650;3;263.42;186
651;0;0.0;0
652;4;326.02;2
653;2;512.88;140
654;7;739.83;150
655;6;802.07;67
656;3;634.4;46
657;8;537.59;3
658;5;836.51;56
659;2;393.87;44
660;1;1261.45;0
661;3;726.25;258
662;3;1296.2;35
663;3;218.27;15
664;3;1175.84;61
665;2;1608.8;44
666;4;775.33;37
667;3;995.19;177
668;1;348.68;86
669;1;276.09;39
670;2;1272.11;140
671;1;1106.13;173
672;2;319.4;170
673;2;664.9;16
674;2;1886.8;27
675;3;525.13;102
676;2;1689.88;123
677;2;899.27;218
678;4;481.24;85
679;1;50.16;298
680;5;835.95;67
681;4;958.44;47
682;4;613.4;36
683;2;845.43;51
684;2;1335.88;92
685;2;682.32;158
686;1;1055.9;73
687;3;434.11;114
688;2;466.8;187
689;1;1111.72;150
690;4;1034.57;112
691;3;812.69;94
692;0;0.0;0
693;0;0.0;0
694;3;985.25;38
695;2;809.35;35
696;4;719.05;101
697;4;695.0;52
698;0;0.0;0
699;3;1262.13;84
700;4;725.28;120
701;4;838.87;52
702;3;941.12;31
703;1;296.26;28
704;6;802.99;25
705;4;651.96;3
706;3;1035.36;57
707;5;414.25;14
708;5;825.67;72
709;2;911.38;120
710;2;368.45;281
711;2;802.2;9
712;1;927.15;325
713;0;0.0;0
714;1;262.0;200
715;5;589.08;1
716;4;851.16;40
717;3;677.36;190
718;1;1413.6;289
719;2;1146.02;152
720;0;0.0;0
721;1;1933.6;318
722;1;148.34;352
723;2;1419.49;19
724;0;0.0;0
725;2;696.26;52
726;1;467.19;187
727;1;519.64;224
728;1;1416.54;93
729;2;819.56;170
730;6;1007.68;35
731;6;425.76;10
732;3;987.59;121
733;2;1695.2;71
734;1;1548.52;356
735;4;564.34;52
736;5;1248.97;70
737;2;185.56;128
738;6;671.92;9
739;3;53.02;34
740;3;581.01;14
741;4;765.22;3
742;2;1438.78;40
743;2;1092.85;272
744;3;277.1;0
745;1;97.77;219
746;4;1110.19;28
747;0;0.0;0
748;3;796.09;31
749;5;705.29;64
750;0;0.0;0
751;6;736.19;23
752;4;844.11;3
753;1;495.29;75
754;1;1701.68;101
755;3;742.61;148
756;2;553.5;52
757;2;183.59;166
758;1;664.68;286
759;2;1756.57;255
760;3;457.11;39
761;3;267.87;156
762;3;651.24;19
763;3;2132.13;44
764;4;667.18;65
765;2;575.84;174
766;2;630.81;152
767;2;247.61;1
768;3;940.26;28
769;2;343.62;49
770;4;710.81;112
771;3;930.05;98
772;2;261.49;96
773;3;241.65;216
774;3;589.82;211
775;2;412.1;190
776;5;401.26;43
777;4;1018.87;117
778;3;1245.72;29
779;3;960.34;36
780;0;0.0;0
781;2;723.35;145
782;2;437.81;211
783;2;658.83;267
784;1;965.5;1
785;3;558.98;115
786;3;938.92;126
787;5;751.96;18
788;2;583.42;183
789;6;792.4;13
790;3;617.96;67
791;6;802.83;8
792;4;573.65;128
793;2;292.52;234
794;2;648.38;167
795;3;645.07;258
796;5;737.64;16
797;6;926.64;92
798;4;944.11;32
799;0;0.0;0
800;3;1115.66;84
801;1;623.3;174
802;7;532.73;59
803;2;438.66;54
804;2;1324.82;117
805;4;450.31;98
806;3;683.67;54
807;2;973.97;137
808;3;503.4;46
809;8;495.92;49
810;4;519.6;70
811;2;876.58;278
812;2;1323.66;111
813;1;149.56;328
814;0;0.0;0
815;3;1390.88;4
816;2;1176.14;179
817;5;589.7;8
818;3;688.22;47
819;6;399.42;66
820;4;538.85;47
821;4;957.67;17
822;2;2180.93;6
823;2;876.38;127
824;1;218.08;356
825;3;661.62;32
826;4;517.49;6
827;3;667.35;59
828;4;891.69;27
829;4;184.29;45
830;2;1013.88;105
831;3;847.88;267
832;3;190.33;82
833;3;1010.12;186
834;5;712.17;58
835;2;2285.12;31
836;5;851.26;52
837;1;172.48;339
838;4;1005.49;62
839;3;975.88;170
840;2;842.83;158
841;4;859.32;105
842;3;841.92;54
843;2;1221.71;15
844;1;122.45;246
845;1;781.6;33
846;4;1061.73;22
847;6;871.9;66
848;3;605.41;178
849;1;443.7;31
850;2;552.34;26
851;5;1185.51;33
852;3;399.59;74
853;3;610.87;87
854;3;1467.24;0
855;2;463.16;118
856;5;906.57;28
857;1;298.5;202
858;3;625.62;203
859;0;0.0;0
860;1;574.36;72
861;1;1852.92;23
862;4;863.46;154
863;0;0.0;0
864;1;25.5;192
865;2;1423.05;304
866;2;216.53;122
867;4;838.48;50
868;5;771.92;8
869;2;1119.31;177
870;1;66.76;133
871;0;0.0;0
872;2;839.5;65
873;2;953.51;127
874;1;169.5;235
875;1;25.26;294
876;2;667.02;78
877;2;461.67;116
878;1;683.5;107
879;2;309.53;171
880;3;322.36;297
881;1;147.49;270
882;4;666.11;68
883;2;594.92;69
884;1;1772.08;22
885;2;421.11;115
886;1;199.35;355
887;3;1150.37;212
888;2;1440.55;133
889;2;942.85;50
890;2;856.79;34
891;4;782.23;183
892;3;660.24;108
893;2;1175.83;58
894;2;692.05;324
895;1;384.5;335
896;5;917.76;14
897;2;403.82;210
898;0;0.0;0
899;1;1580.68;347
900;7;1243.28;21
901;6;630.84;54
902;5;556.69;27
903;5;1287.95;38
904;3;1379.82;116
905;6;746.81;34
906;3;706.07;59
907;1;84.45;273
908;1;1152.36;86
909;4;854.62;34
910;1;407.33;24
911;3;773.01;127
912;0;0.0;0
913;2;900.28;79
914;5;460.74;10
915;1;26.34;40
916;3;1007.83;192
917;5;946.08;50
918;2;281.75;231
919;3;624.33;56
920;3;1248.75;150
921;3;886.65;59
922;0;0.0;0
923;2;1590.64;43
924;0;0.0;0
925;1;1327.47;116
926;2;1339.26;104
927;3;252.21;0
928;4;1076.81;215
929;2;882.13;64
930;2;115.17;99
931;2;361.57;154
932;4;757.25;0
933;3;878.01;216
934;3;1139.97;140
935;1;688.71;147
936;5;534.94;85
937;4;1478.99;28
938;3;849.36;6
939;1;1114.4;287
940;2;322.22;60
941;4;1306.46;133
942;4;724.39;135
943;6;879.46;61
944;1;136.64;201
945;1;645.16;275
946;2;826.89;108
947;2;339.51;12
948;1;187.2;46
949;3;339.69;182
950;3;1248.48;104
951;2;523.48;91
952;1;103.89;232
953;3;433.44;305
954;4;825.68;79
955;0;0.0;0
956;2;1385.94;181
957;3;265.44;170
958;1;2246.0;231
959;1;586.14;331
960;2;669.13;163
961;3;1036.72;9
962;3;1198.0;34
963;3;647.56;43
964;4;940.02;62
965;4;674.73;84
966;2;269.28;267
967;3;607.01;162
968;2;1299.48;37
969;3;826.81;41
970;2;1200.65;282
971;2;129.41;27
972;2;368.73;107
973;6;383.86;42
974;1;924.92;289
975;1;664.92;171
976;3;605.62;164
977;2;1575.88;56
978;2;779.01;161
979;5;734.31;7
980;4;1095.38;137
981;4;958.57;9
982;1;1509.4;337
983;2;1186.6;89
984;1;57.67;37
985;2;181.88;101
986;1;1612.9;152
987;3;464.09;59
988;1;328.11;247
989;1;25.42;354
990;4;843.76;78
991;1;11.63;140
992;1;1159.2;314
993;4;552.05;10
994;3;370.0;189
995;5;1155.83;26
996;2;713.47;51
997;3;653.72;96
998;2;299.67;23
999;1;2166.1;56
1000;4;276.33;129
1001;3;583.53;89
1002;1;1580.68;241
1003;2;660.15;87
1004;2;599.38;16
1005;4;604.58;0
1006;1;633.42;61
1007;5;688.35;78
1008;1;798.02;245
1009;4;554.21;266
1010;4;1254.18;166
1011;2;414.14;142
1012;1;920.28;3
1013;2;561.63;28
1014;4;955.78;97
1015;3;363.96;201
1016;5;673.26;78
1017;0;0.0;0
1018;0;0.0;0
1019;0;0.0;0
1020;1;1901.8;243
1021;5;1136.17;109
1022;5;617.45;58
1023;2;648.04;181
1024;3;1119.14;7
1025;4;259.37;50
1026;2;579.54;20
1027;1;673.34;97
1028;4;1164.97;8
1029;4;1121.57;45
1030;2;1031.71;108
1031;3;681.15;91
1032;8;709.29;36
1033;1;895.8;326
1034;3;734.82;73
1035;2;374.67;114
1036;4;1295.99;139
1037;2;1014.62;24
1038;3;1279.25;42
1039;4;680.32;30
1040;2;1227.01;42
1041;2;839.27;328
1042;3;1637.93;3
1043;7;456.72;7
1044;4;1329.97;133
1045;1;914.28;310
1046;2;950.34;173
1047;3;533.29;45
1048;6;482.82;43
1049;3;1087.88;36
1050;2;516.48;223
1051;3;469.04;44
1052;2;1220.77;79
1053;2;1029.83;36
1054;2;941.98;57
1055;2;181.72;192
1056;5;868.36;72
1057;2;537.41;24
1058;1;1106.13;113
1059;6;517.22;13
1060;1;587.67;14
1061;2;792.01;83
1062;3;1249.14;97
1063;2;155.63;156
1064;2;276.18;33
1065;3;773.98;19
1066;1;1112.73;59
1067;3;745.02;82
1068;4;208.29;54
1069;5;920.13;47
1070;4;937.73;131
1071;2;1383.39;67
1072;2;1653.5;47
1073;0;0.0;0
1074;2;1452.26;291
1075;3;694.57;52
1076;1;1370.13;134
1077;1;16.89;260
1078;4;688.97;67
1079;2;1259.28;264
1080;4;710.01;104
1081;2;1455.07;187
1082;2;1385.2;154
1083;4;1297.15;0
1084;3;614.67;18
1085;3;1202.65;123
1086;3;467.98;211
1087;3;636.27;86
1088;3;1114.49;91
1089;3;630.32;34
1090;3;411.98;224
1091;3;259.68;64
1092;3;344.21;189
1093;2;658.61;215
1094;3;1471.69;95
1095;1;45.24;270
1096;2;776.34;70
1097;3;1003.54;209
1098;3;793.99;59
1099;2;890.17;11
1100;4;682.5;83
1101;3;737.32;57
1102;2;765.31;80
1103;0;0.0;0
1104;6;383.16;72
1105;2;490.41;10
1106;3;1295.29;21
1107;2;790.42;120
1108;3;964.97;214
1109;4;422.77;121
1110;1;1545.25;77
1111;4;725.52;67
1112;2;1311.74;118
1113;2;1877.67;172
1114;5;812.71;51
1115;0;0.0;0
1116;3;466.21;251
1117;2;533.66;146
1118;2;346.53;107
1119;3;623.33;11
1120;4;465.99;11
1121;4;761.54;70
1122;3;917.12;62
1123;6;824.95;24
1124;9;493.63;25
1125;2;678.92;4
1126;3;1654.61;13
1127;2;738.46;52
1128;5;600.25;20
1129;4;325.79;13
1130;5;869.22;59
1131;5;486.77;24
1132;2;1112.73;83
1133;3;764.35;186
1134;2;492.36;113
1135;3;879.55;148
1136;4;1023.08;33
1137;2;1283.16;39
1138;2;867.43;29
1139;6;588.65;42
1140;0;0.0;0
1141;2;549.7;30
1142;2;152.67;51
1143;0;0.0;0
1144;6;604.67;9
1145;3;199.48;45
1146;2;257.51;260
1147;4;1041.87;87
1148;1;337.64;110
1149;3;794.06;83
1150;1;881.0;200
1151;5;612.39;17
1152;2;566.05;272
1153;2;254.2;291
1154;1;706.8;331
1155;4;692.6;23
1156;2;647.12;165
1157;6;550.35;79
1158;1;141.52;115
1159;2;1620.52;69
1160;3;711.52;37
1161;3;938.48;211
1162;2;1000.85;265
1163;1;118.67;259
1164;6;874.09;99
1165;1;968.82;15
1166;3;738.36;50
1167;2;439.8;36
1168;3;796.35;107
1169;2;520.42;157
1170;1;1387.65;26
1171;4;717.64;37
1172;4;858.85;71
1173;3;583.28;84
1174;6;703.5;31
1175;5;432.43;131
1176;1;85.56;172
1177;2;583.97;275
1178;1;978.27;183
1179;3;1578.67;203
1180;3;963.67;127
1181;1;126.64;211
1182;0;0.0;0
1183;0;0.0;0
1184;2;223.67;168
1185;4;1046.36;61
1186;0;0.0;0
1187;3;597.48;23
1188;4;470.16;9
1189;4;1040.72;242
1190;1;913.42;173
1191;1;1299.66;268
1192;5;798.94;98
1193;0;0.0;0
1194;1;249.62;69
1195;1;1577.48;47
1196;4;1178.83;71
1197;3;788.74;31
1198;1;1993.04;68
1199;0;0.0;0
1200;5;769.29;195
1201;1;1131.25;131
1202;4;645.61;98
1203;2;867.21;14
1204;3;737.7;32
1205;5;519.65;44
1206;1;323.82;258
1207;1;456.93;177
1208;1;895.8;160
1209;4;1181.63;246
1210;3;835.09;99
1211;4;932.16;38
1212;5;1086.3;128
1213;2;1172.9;48
1214;2;1298.63;174
1215;2;455.53;18
1216;4;890.35;9
1217;2;243.47;119
1218;1;635.2;103
1219;6;827.76;4
1220;3;1019.13;47
1221;1;702.66;281
1222;3;1044.44;260
1223;2;1133.9;153
1224;4;733.81;119
1225;2;760.02;143
1226;2;1068.1;73
1227;6;569.14;11
1228;1;18.83;179
1229;1;977.0;19
1230;1;2312.75;2
1231;3;1282.42;124
1232;2;776.5;24
1233;2;540.05;149
1234;5;993.08;41
1235;3;951.93;64
1236;4;971.57;10
1237;2;286.75;187
1238;3;870.4;137
1239;3;455.36;126
1240;0;0.0;0
1241;3;644.81;39
1242;1;536.67;198
1243;3;1186.77;23
1244;3;391.04;171
1245;3;623.72;123
1246;5;312.29;36
1247;2;1101.74;152
1248;3;585.32;62
1249;2;681.25;213
1250;2;726.2;251
1251;0;0.0;0
1252;4;1331.02;73
1253;2;284.06;29
1254;2;307.31;129
1255;4;1169.8;95
1256;2;1393.85;270
1257;5;599.32;51
1258;2;350.76;262
1259;1;190.51;228
1260;2;1710.97;88
1261;2;381.04;222
1262;4;1032.04;44
1263;3;1003.83;83
1264;3;1113.05;83
1265;3;412.18;39
1266;2;388.6;110
1267;5;1236.86;81
1268;4;911.34;67
1269;4;912.72;228
1270;0;0.0;0
1271;4;705.21;83
1272;3;568.89;50
1273;3;239.46;269
1274;3;902.03;132
1275;2;234.12;171
1276;2;1229.78;35
1277;5;449.69;34
1278;2;1044.57;29
1279;3;536.35;334
1280;4;716.2;49
1281;5;870.54;70
1282;3;119.98;5
1283;2;1443.99;3
1284;2;460.86;55
1285;2;301.47;160
1286;2;631.25;159
1287;2;1195.26;49
1288;6;591.66;86
1289;1;34.45;363
1290;3;867.72;89
1291;3;279.77;170
1292;1;1570.96;86
1293;2;1580.88;17
1294;0;0.0;0
1295;1;539.34;5
1296;5;968.29;11
1297;1;1782.8;138
1298;4;1484.24;52
1299;2;577.48;180
1300;0;0.0;0
1301;2;618.65;130
1302;2;406.88;208
1303;1;1072.89;24
1304;0;0.0;0
1305;1;2244.9;230
1306;4;964.71;35
1307;4;406.98;18
1308;2;1642.7;87
1309;5;345.61;29
1310;4;936.15;63
1311;7;726.36;36
1312;2;446.25;61
1313;3;912.42;129
1314;1;1136.6;227
1315;2;315.11;110
1316;7;747.44;75
1317;8;788.53;41
1318;1;132.9;219
1319;2;178.95;70
1320;4;1032.6;99
1321;1;738.45;308
1322;1;1490.5;192
1323;5;320.98;84
1324;4;1079.5;239
1325;2;735.38;151
1326;0;0.0;0
1327;1;1597.2;35
1328;2;684.0;3
1329;1;1136.58;354
1330;3;634.82;173
1331;2;408.25;75
1332;2;1630.02;102
1333;2;1146.04;235
1334;4;1081.73;83
1335;1;291.68;57
1336;0;0.0;0
1337;2;1189.72;330
1338;4;280.18;3
1339;4;307.52;88
1340;2;839.87;132
1341;2;884.4;275
1342;3;1299.91;110
1343;1;586.14;364
1344;2;617.92;234
1345;2;1351.36;9
1346;1;311.65;348
1347;3;957.41;99
1348;2;1137.69;123
1349;2;494.91;2
1350;1;1060.2;164
1351;2;691.93;114
1352;0;0.0;0
1353;4;1442.85;31
1354;1;364.32;269
1355;1;1165.76;351
1356;4;357.85;17
1357;2;1383.17;107
1358;2;798.82;246
1359;0;0.0;0
1360;3;903.06;62
1361;1;32.13;77
1362;4;1017.4;15
1363;4;318.96;52
1364;2;495.54;14
1365;3;841.82;13
1366;1;368.71;166
1367;3;297.23;118
1368;3;477.9;1
1369;2;123.09;34
1370;1;1137.76;3
1371;2;607.39;179
1372;3;358.04;216
1373;3;291.37;111
1374;3;1296.26;17
1375;8;572.26;26
1376;1;1585.48;306
1377;2;177.88;25
1378;2;1763.87;168
1379;3;1708.25;42
1380;4;798.13;26
1381;4;495.78;126
1382;3;846.6;71
1383;0;0.0;0
1384;2;688.93;187
1385;3;432.81;144
1386;3;495.67;7
1387;1;554.64;266
1388;2;903.26;118
1389;4;827.93;100
1390;2;1207.06;11
1391;3;340.17;0
1392;1;20.96;34
1393;2;370.8;15
1394;5;477.6;32
1395;3;1109.37;57
1396;3;1178.9;2
1397;0;0.0;0
1398;1;248.91;319
1399;3;498.44;178
1400;2;1488.14;283
1401;3;590.37;9
1402;1;1772.08;304
1403;2;446.09;165
1404;3;674.59;196
1405;2;136.07;86
1406;3;948.84;196
1407;2;339.3;25
1408;1;87.95;111
1409;5;1210.43;53
1410;1;424.56;328
1411;3;676.59;1
1412;0;0.0;0
1413;2;727.61;148
1414;3;474.05;86
1415;1;127.92;189
1416;2;440.09;93
1417;6;826.3;19
1418;8;634.66;64
1419;4;567.56;22
1420;1;802.8;164
1421;2;866.88;94
1422;1;1408.72;160
1423;3;652.49;45
1424;5;688.42;190
1425;2;421.02;128
1426;5;619.88;208
1427;2;873.9;87
1428;2;1531.95;147
1429;1;452.9;245
1430;3;184.22;135
1431;2;486.67;81
1432;4;940.1;47
1433;5;514.47;76
1434;2;281.11;125
1435;5;267.37;2
1436;2;104.45;35
1437;3;1004.38;48
1438;1;33.93;170
1439;3;175.76;0
1440;3;711.44;126
1441;2;1001.1;263
1442;6;495.54;91
1443;1;2002.8;330
1444;2;315.12;96
1445;4;682.38;80
1446;5;904.04;40
1447;1;104.8;31
1448;1;286.3;76
1449;3;149.29;31
1450;3;876.73;1
1451;3;1042.53;31
1452;2;443.38;8
1453;4;778.09;165
1454;2;499.17;83
1455;3;1045.76;83
1456;7;798.75;12
1457;3;1226.37;60
1458;0;0.0;0
1459;3;229.69;206
1460;3;478.36;36
1461;1;419.49;0
1462;4;812.86;95
1463;4;1169.02;109
1464;3;1119.85;228
1465;3;608.93;163
1466;2;1368.28;43
1467;4;758.25;78
1468;0;0.0;0
1469;2;44.91;220
1470;5;636.03;45
1471;3;1165.51;64
1472;2;706.73;149
1473;1;173.5;265
1474;2;211.55;180
1475;1;369.31;313
1476;2;799.72;12
1477;1;754.44;301
1478;5;971.2;35
1479;5;749.29;78
1480;1;337.29;57
1481;5;1145.91;95
1482;7;756.55;12
1483;0;0.0;0
1484;7;701.15;31
1485;3;1287.25;136
1486;4;1348.14;33
1487;2;1116.82;245
1488;4;776.45;216
1489;2;309.29;87
1490;3;716.73;230
1491;1;205.85;119
1492;2;1287.6;67
1493;4;546.21;0
1494;0;0.0;0
1495;2;561.08;50
1496;5;1183.71;98
1497;4;808.19;2
1498;1;506.46;33
1499;2;947.18;241
1500;3;606.02;147
1501;1;384.87;199
1502;1;299.64;108
1503;2;999.97;212
1504;2;266.76;170
1505;3;884.25;116
1506;2;1131.11;129
1507;2;927.87;28
1508;5;689.61;24
1509;5;570.97;183
1510;0;0.0;0
1511;5;498.48;87
1512;3;1139.71;37
1513;1;2146.3;155
1514;2;392.81;13
1515;2;306.81;297
1516;1;1303.65;168
1517;5;449.62;56
1518;0;0.0;0
1519;3;974.69;32
1520;4;519.82;106
1521;2;757.88;14
1522;2;674.15;68
1523;4;1288.61;17
1524;3;808.02;57
1525;3;626.87;113
1526;3;302.77;135
1527;4;885.63;89
1528;4;1189.16;17
1529;4;835.12;60
1530;2;367.72;48
1531;2;655.5;27
1532;3;593.01;60
1533;5;497.02;35
1534;1;844.5;309
1535;0;0.0;0
1536;2;850.93;10
1537;3;752.31;51
1538;7;685.12;4
1539;3;702.93;109
1540;1;880.5;271
1541;6;963.8;81
1542;4;1115.22;108
1543;3;251.29;72
1544;1;1179.76;79
1545;2;695.65;113
1546;3;1138.88;84
1547;2;556.12;49
1548;1;1116.42;120
1549;1;1661.44;230
1550;2;882.9;101
1551;1;1983.8;311
1552;2;1291.24;212
1553;3;699.45;4
1554;3;565.38;53
1555;3;377.14;133
1556;4;636.52;74
1557;4;566.97;121
1558;6;719.81;50
1559;5;837.47;82
1560;2;801.44;6
1561;2;1434.2;71
1562;4;794.19;11
1563;5;637.31;150
1564;3;1542.93;60
1565;3;726.82;157
1566;2;643.23;258
1567;3;685.03;1
1568;2;441.5;2
1569;3;421.3;19
1570;1;123.36;23
1571;1;139.76;70
1572;7;561.82;33
1573;2;344.17;232
1574;2;1451.28;219
1575;0;0.0;0
1576;9;571.45;14
1577;4;469.37;14
1578;1;674.12;354
1579;3;474.71;130
1580;3;383.44;6
1581;1;174.7;167
1582;2;201.42;72
1583;1;2360.9;129
1584;2;705.32;111
1585;1;646.2;281
1586;0;0.0;0
1587;1;905.0;364
1588;0;0.0;0
1589;3;1025.66;58
1590;2;314.97;10
1591;2;242.06;110
1592;3;1419.69;69
1593;6;829.38;113
1594;3;667.5;131
1595;2;1731.68;213
1596;4;1306.79;109
1597;4;909.31;129
1598;3;1300.28;27
1599;5;518.97;98
1600;5;761.04;63
1601;7;751.7;36
1602;0;0.0;0
1603;5;1238.08;64
1604;3;224.73;70
1605;4;682.21;10
1606;9;515.64;89
1607;0;0.0;0
1608;5;922.3;14
1609;0;0.0;0
1610;4;781.34;52
1611;3;1235.44;54
1612;2;1611.17;204
1613;2;617.4;317
1614;3;1000.19;76
1615;2;806.63;232
1616;4;1428.07;25
1617;2;1454.33;111
1618;2;1247.94;84
1619;0;0.0;0
1620;3;1054.41;101
1621;0;0.0;0
1622;3;788.57;9
1623;4;329.85;233
1624;4;780.8;11
1625;3;779.35;2
1626;4;777.31;52
1627;2;1356.03;18
1628;8;1034.91;3
1629;0;0.0;0
1630;5;440.81;136
1631;2;615.99;53
1632;2;209.5;179
1633;3;844.11;141
1634;2;232.16;344
1635;4;1055.77;36
1636;2;949.99;235
1637;1;1499.0;187
1638;3;241.13;76
1639;1;1194.0;180
1640;3;792.36;222
1641;2;1011.18;234
1642;3;1127.54;11
1643;0;0.0;0
1644;2;47.58;121
1645;2;1678.47;199
1646;1;926.46;71
1647;2;1523.32;4
1648;4;1389.64;140
1649;4;1337.63;2
1650;3;646.13;99
1651;3;1524.11;252
1652;1;1852.92;219
1653;1;386.68;236
1654;2;684.53;210
1655;1;592.26;153
1656;5;760.07;86
1657;2;1024.48;33
1658;6;865.79;5
1659;1;8.42;272
1660;0;0.0;0
1661;2;820.21;37
1662;4;741.92;6
1663;1;993.18;212
1664;6;955.9;203
1665;6;884.47;61
1666;3;1238.26;212
1667;2;1245.66;100
1668;3;557.25;107
1669;4;837.58;109
1670;1;887.4;318
1671;1;1097.08;183
1672;1;131.7;86
1673;1;636.96;236
1674;1;154.97;129
1675;3;502.9;57
1676;1;1090.4;164
1677;5;676.89;28
1678;2;577.97;29
1679;3;1027.28;106
1680;4;832.33;0
1681;4;366.32;146
1682;1;168.82;319
1683;0;0.0;0
1684;6;785.75;3
1685;2;85.06;205
1686;6;393.54;39
1687;5;1082.85;78
1688;2;1306.8;137
1689;3;712.9;90
1690;3;513.3;33
1691;1;137.42;311
1692;4;395.48;96
1693;4;570.51;103
1694;5;759.2;75
1695;4;762.94;57
1696;5;663.27;52
1697;3;632.61;45
1698;1;57.67;163
1699;4;1309.02;54
1700;3;827.64;48
1701;3;499.89;120
1702;4;562.88;6
1703;5;766.37;185
1704;2;781.55;238
1705;2;491.44;252
1706;4;726.05;206
1707;4;668.64;14
1708;1;579.3;307
1709;1;170.8;141
1710;2;1400.21;4
1711;2;1334.58;118
1712;2;446.11;7
1713;1;232.53;117
1714;2;835.36;7
1715;0;0.0;0
1716;3;422.14;0
1717;0;0.0;0
1718;1;142.6;292
1719;2;346.84;216
1720;5;575.72;3
1721;4;1284.58;71
1722;3;681.26;84
1723;0;0.0;0
1724;1;240.34;145
1725;3;1261.91;31
1726;3;795.9;221
1727;3;1556.55;26
1728;3;1215.27;92
1729;2;1051.2;152
1730;2;1157.85;167
1731;3;1082.39;63
1732;6;1146.08;0
1733;3;1175.16;47
1734;2;521.53;0
1735;2;541.71;84
1736;3;1412.67;5
1737;1;893.6;300
1738;2;584.28;149
1739;5;698.47;12
1740;5;908.32;49
1741;4;401.81;38
1742;1;126.52;235
1743;1;1432.95;144
1744;2;1307.62;123
1745;5;936.66;5
1746;3;408.64;90
1747;3;727.31;201
1748;3;529.97;22
1749;2;1116.91;114
1750;3;848.47;179
1751;1;2194.9;152
1752;3;736.95;43
1753;1;1069.45;259
1754;3;877.93;96
1755;4;606.56;155
1756;5;403.46;43
1757;8;777.59;3
1758;4;562.63;119
1759;2;1273.14;48
1760;6;835.37;17
1761;3;334.59;288
1762;1;800.34;4
1763;4;850.72;129
1764;5;542.32;19
1765;5;598.72;89
1766;0;0.0;0
1767;5;687.03;133
1768;2;739.16;12
1769;6;822.81;19
1770;6;589.84;118
1771;1;452.33;93
1772;4;623.27;16
1773;2;732.33;75
1774;5;842.94;31
1775;0;0.0;0
1776;3;455.47;123
1777;0;0.0;0
1778;0;0.0;0
1779;3;886.1;62
1780;4;704.0;65
1781;1;573.34;23
1782;4;679.95;82
1783;2;911.91;108
1784;3;667.38;54
1785;5;718.09;12
1786;3;177.27;70
1787;4;1337.33;49
1788;2;1033.58;256
1789;1;51.8;184
1790;4;818.06;4
1791;0;0.0;0
1792;2;561.89;3
1793;1;557.2;110
1794;1;1876.96;232
1795;1;489.06;192
1796;4;640.31;155
1797;2;152.76;147
1798;0;0.0;0
1799;2;780.87;154
1800;3;776.81;214
1801;4;539.11;103
1802;2;701.71;180
1803;2;1246.72;56
1804;4;1084.79;164
1805;1;1886.75;342
1806;3;672.08;48
1807;2;915.9;99
1808;4;421.52;154
1809;3;873.39;228
1810;2;1367.58;69
1811;1;364.06;137
1812;4;1050.33;188
1813;1;208.08;178
1814;2;960.18;15
1815;3;835.69;129
1816;3;476.49;91
1817;4;785.84;77
1818;2;1518.17;218
1819;2;224.38;196
1820;4;392.15;177
1821;2;682.05;122
1822;1;2138.05;177
1823;2;210.98;43
1824;3;1351.64;6
1825;3;367.08;80
1826;1;697.58;65
1827;5;1040.24;42
1828;1;120.12;128
1829;2;998.79;109
1830;4;634.47;74
1831;2;1296.32;150
1832;3;1147.58;60
1833;3;599.64;172
1834;1;1682.15;204
1835;3;558.54;7
1836;0;0.0;0
1837;6;627.35;50
1838;4;421.99;29
1839;4;349.53;123
1840;2;510.85;23
1841;2;634.79;189
1842;1;831.96;135
1843;3;1034.21;148
1844;2;911.95;145
1845;4;566.38;3
1846;2;334.83;262
1847;1;429.73;301
1848;0;0.0;0
1849;5;661.61;26
1850;5;294.92;25
1851;4;359.84;124
1852;0;0.0;0
1853;1;507.5;285
1854;1;199.05;113
1855;2;612.95;19
1856;3;1375.5;85
1857;3;274.31;18
1858;3;360.49;74
1859;1;332.25;298
1860;4;1113.53;121
1861;3;1090.58;103
1862;1;1244.19;257
1863;2;1120.65;221
1864;3;1347.04;12
1865;4;439.59;21
1866;1;1424.16;356
1867;5;533.85;53
1868;2;758.08;90
1869;1;936.8;360
1870;5;956.41;33
1871;2;1038.32;45
1872;3;907.11;98
1873;1;70.77;323
1874;1;528.6;363
1875;6;499.91;282
1876;2;360.5;30
1877;2;479.96;199
1878;1;1826.84;105
1879;4;981.48;19
1880;3;679.78;154
1881;1;502.18;115
1882;0;0.0;0
1883;3;509.65;60
1884;1;900.36;189
1885;3;1316.46;23
1886;3;1031.62;160
1887;3;471.86;241
1888;0;0.0;0
1889;1;1210.17;166
1890;1;927.48;275
1891;4;1142.9;40
1892;4;193.39;36
1893;3;319.85;167
1894;2;583.49;77
1895;2;794.71;120
1896;2;788.02;21
1897;4;633.91;116
1898;1;370.85;267
1899;5;593.26;7
1900;4;491.09;128
1901;3;1183.83;120
1902;3;906.72;117
1903;3;971.79;107
1904;4;498.56;235
1905;1;1682.7;288
1906;0;0.0;0
1907;6;664.18;20
1908;3;1100.07;216
1909;2;1049.5;152
1910;0;0.0;0
1911;1;1386.6;18
1912;1;413.5;135
1913;6;883.11;27
1914;2;880.31;131
1915;1;1797.28;182
1916;3;1652.08;91
1917;2;719.58;11
1918;2;665.96;77
1919;0;0.0;0
1920;3;1040.78;43
1921;3;632.9;173
1922;0;0.0;0
1923;2;398.06;226
1924;2;1173.76;61
1925;3;263.89;27
1926;6;1116.38;14
1927;5;790.73;48
1928;1;576.18;276
1929;2;1137.18;11
1930;4;610.61;34
1931;4;933.09;17
1932;4;611.85;77
1933;3;440.32;10
1934;3;559.05;159
1935;5;777.8;132
1936;3;762.55;191
1937;6;994.34;14
1938;5;955.26;170
1939;3;657.77;53
1940;3;344.21;32
1941;4;624.79;58
1942;4;829.61;32
1943;2;1119.63;227
1944;4;1027.89;206
1945;1;284.44;49
1946;3;1048.67;12
1947;4;1119.57;145
1948;3;258.14;230
1949;1;1717.04;53
1950;1;927.12;111
1951;2;1275.42;121
1952;3;1012.51;16
1953;2;1204.55;25
1954;6;933.03;57
1955;0;0.0;0
1956;1;70.12;319
1957;3;390.25;13
1958;1;260.25;96
1959;2;799.46;86
1960;3;389.29;10
1961;5;734.88;53
1962;2;858.7;164
1963;9;844.04;37
1964;3;384.71;91
1965;3;311.4;16
1966;1;335.92;298
1967;3;1090.01;8
1968;5;764.94;50
1969;4;890.93;71
1970;4;433.45;2
1971;1;1545.2;211
1972;3;989.96;54
1973;4;471.83;127
1974;3;809.3;285
1975;4;893.48;103
1976;3;468.62;195
1977;1;259.04;115
1978;5;862.33;27
1979;3;992.24;67
1980;3;319.13;4
1981;2;545.92;89
1982;3;660.33;51
1983;3;422.11;6
1984;2;303.63;85
1985;2;384.72;275
1986;1;75.34;29
1987;3;572.19;20
1988;3;627.25;104
1989;3;1186.91;36
1990;5;527.2;44
1991;2;258.62;115
1992;1;728.9;30
1993;1;908.02;197
1994;3;1559.83;27
1995;4;849.46;100
1996;1;662.06;24
1997;0;0.0;0
1998;3;475.99;138
1999;3;873.94;19
2000;4;767.83;45
2001;1;1683.35;40
2002;4;478.68;10
2003;3;461.6;27
2004;2;403.57;197
2005;6;509.0;34
2006;3;565.45;57
2007;2;846.08;46
2008;4;730.77;103
2009;4;656.08;65
2010;2;1105.65;155
2011;4;361.58;44
2012;2;1085.42;47
2013;1;866.44;14
2014;3;546.62;54
2015;0;0.0;0
2016;2;232.6;105
2017;3;692.13;39
2018;3;849.88;38
2019;1;1106.76;146
2020;5;646.71;134
2021;2;456.3;129
2022;1;1119.75;75
2023;0;0.0;0
2024;7;843.87;37
2025;6;580.03;109
2026;0;0.0;0
2027;0;0.0;0
2028;2;598.59;257
2029;3;1604.99;193
2030;1;291.7;54
2031;0;0.0;0
2032;3;464.79;7
2033;1;387.55;126
2034;3;890.71;75
2035;3;1207.17;101
2036;4;1099.84;29
2037;1;1395.16;23
2038;5;978.13;67
2039;4;935.17;70
2040;1;2437.3;31
2041;3;414.37;2
2042;2;828.88;66
2043;2;960.44;210
2044;3;900.72;11
2045;2;257.06;82
2046;5;930.92;83
2047;4;764.15;175
2048;6;789.74;79
2049;4;424.26;5
2050;2;588.93;62
2051;0;0.0;0
2052;3;748.81;256
2053;3;720.26;32
2054;4;230.16;62
2055;2;161.21;82
2056;1;40.16;322
2057;1;1926.32;164
2058;2;535.11;60
2059;6;985.88;27
2060;4;736.04;127
2061;2;1307.02;55
2062;3;784.21;183
2063;2;175.07;127
2064;4;1217.23;12
2065;2;320.43;100
2066;3;480.21;20
2067;2;1048.6;37
2068;3;476.63;102
2069;0;0.0;0
2070;4;282.95;26
2071;0;0.0;0
2072;1;601.36;338
2073;2;336.81;86
2074;4;962.0;33
2075;2;518.59;174
2076;2;579.46;192
2077;1;85.06;113
2078;3;645.69;111
2079;2;560.75;233
2080;5;586.97;45
2081;2;231.41;180
2082;5;405.34;105
2083;3;993.51;67
2084;3;485.78;47
2085;4;1088.85;68
2086;2;756.84;183
2087;4;376.46;13
2088;2;308.81;64
2089;2;897.98;14
2090;2;822.12;112
2091;6;734.79;100
2092;2;617.27;109
2093;2;176.55;186
2094;4;558.83;52
2095;4;473.12;205
2096;3;1046.35;206
2097;1;1317.66;20
2098;4;666.79;204
2099;4;1500.73;148
2100;4;1098.71;3
2101;1;154.97;181
2102;4;436.88;36
2103;2;308.14;156
2104;2;369.19;33
2105;1;252.29;193
2106;3;205.8;16
2107;2;207.46;328
2108;0;0.0;0
2109;2;979.15;15
2110;3;882.86;121
2111;1;499.6;38
2112;4;865.98;40
2113;2;223.82;27
2114;2;937.66;320
2115;0;0.0;0
2116;1;155.96;161
2117;3;729.24;115
2118;2;185.11;212
2119;2;761.5;23
2120;2;1330.14;146
2121;4;747.5;34
2122;6;396.54;0
2123;4;428.46;21
2124;1;1540.6;194
2125;4;565.17;25
2126;0;0.0;0
2127;2;1200.01;191
2128;3;687.07;6
2129;2;663.63;85
2130;1;1483.64;38
2131;1;2312.75;242
2132;2;464.2;146
2133;2;1134.18;71
2134;6;1157.33;54
2135;1;1401.72;104
2136;3;421.17;32
2137;2;1226.97;97
2138;3;2078.73;37
2139;1;1831.4;324
2140;1;664.92;173
2141;3;1813.3;80
2142;0;0.0;0
2143;4;653.77;29
2144;3;554.29;58
2145;4;860.51;13
2146;0;0.0;0
2147;2;1070.52;250
2148;3;743.69;173
2149;4;587.19;110
2150;5;1089.71;74
2151;5;320.51;75
2152;3;2085.98;36
2153;4;628.14;118
2154;2;934.39;235
2155;1;1046.04;314
2156;3;745.52;224
2157;2;515.3;46
2158;0;0.0;0
2159;1;1548.52;253
2160;0;0.0;0
2161;2;721.03;33
2162;0;0.0;0
2163;1;18.96;205
2164;2;1180.89;12
2165;2;495.74;153
2166;1;384.37;112
2167;1;106.25;173
2168;2;567.34;140
2169;1;1372.44;334
2170;1;66.88;14
2171;2;670.91;132
2172;3;1102.74;4
2173;3;1031.1;135
2174;0;0.0;0
2175;2;2182.55;290
2176;1;1986.56;27
2177;6;729.04;150
2178;4;472.22;34
2179;1;566.96;83
2180;5;809.01;77
2181;3;908.45;113
2182;2;1241.91;130
2183;0;0.0;0
2184;0;0.0;0
2185;5;470.97;80
2186;2;1550.76;116
2187;4;815.18;155
2188;2;902.46;114
2189;4;473.61;27
2190;2;543.56;340
2191;2;587.57;129
2192;2;748.01;0
2193;6;1131.57;8
2194;3;1406.18;29
2195;2;665.26;52
2196;3;443.2;46
2197;0;0.0;0
2198;2;390.7;110
2199;1;609.24;349
2200;1;1132.25;323
2201;3;763.85;95
2202;4;658.84;5
2203;5;1102.28;1
2204;1;34.55;310
2205;3;687.09;159
2206;3;662.83;96
2207;1;769.0;311
2208;2;412.51;56
2209;3;1370.27;56
2210;4;832.69;148
2211;3;866.86;69
2212;1;971.28;181
2213;5;1033.94;35
2214;3;247.07;84
2215;1;79.62;212
2216;2;312.8;193
2217;4;850.55;145
2218;3;690.25;68
2219;4;1225.44;161
2220;2;423.96;96
2221;3;484.21;79
2222;0;0.0;0
2223;5;1064.95;94
2224;3;463.92;203
2225;3;430.54;197
2226;8;1265.9;101
2227;3;1478.57;291
2228;1;623.3;218
2229;6;1023.66;51
2230;4;923.06;14
2231;3;188.07;23
2232;1;1277.16;227
2233;1;462.55;37
2234;5;963.44;59
2235;7;706.86;64
2236;3;818.58;57
2237;3;589.15;160
2238;4;241.15;103
2239;1;777.85;186
2240;5;611.29;35
2241;1;22.62;203
2242;3;1047.91;8
2243;1;407.07;3
2244;3;982.01;27
2245;2;293.95;125
2246;3;993.53;142
2247;1;767.08;255
2248;5;642.64;30
2249;0;0.0;0
2250;2;1472.4;142
2251;2;823.56;118
2252;3;708.41;205
2253;1;976.68;66
2254;4;973.55;86
2255;3;449.24;93
2256;2;416.02;49
2257;3;259.43;5
2258;3;838.72;205
2259;1;866.44;65
2260;1;1109.28;314
2261;3;1062.53;23
2262;1;249.8;343
2263;3;585.91;10
2264;4;393.33;115
2265;5;1017.52;62
2266;2;749.63;236
2267;2;444.71;3
2268;2;184.08;283
2269;5;526.78;13
2270;6;526.26;1
2271;4;956.91;195
2272;2;347.79;76
2273;2;903.41;30
2274;3;908.07;109
2275;3;525.98;67
2276;2;537.83;228
2277;4;337.46;128
2278;1;383.54;202
2279;3;550.21;225
2280;1;1630.45;59
2281;6;656.66;105
2282;3;407.92;61
2283;1;18.83;199
2284;1;1391.75;59
2285;4;786.18;17
2286;5;561.77;79
2287;1;41.92;94
2288;1;1862.35;270
2289;3;1152.57;6
2290;2;1391.73;81
2291;2;757.76;68
2292;2;110.46;119
2293;5;890.55;40
2294;2;1448.11;79
2295;3;906.27;77
2296;1;1299.66;22
2297;5;767.42;15
2298;2;1463.44;18
2299;2;692.08;3
2300;1;1276.88;85
2301;4;1258.55;199
2302;3;877.52;110
2303;2;763.27;143
2304;3;339.34;132
2305;1;353.97;17
2306;2;930.57;160
2307;3;964.17;154
2308;3;813.08;308
2309;6;602.36;27
2310;4;1529.64;7
2311;1;469.13;6
2312;5;1028.85;168
2313;2;566.2;243
2314;1;1471.16;315
2315;0;0.0;0
2316;3;1102.23;1
2317;1;218.74;319
2318;4;368.09;35
2319;5;978.14;111
2320;4;507.05;106
2321;2;943.99;34
2322;4;1174.71;0
2323;4;742.75;85
2324;4;764.88;17
2325;1;284.15;133
2326;1;578.72;37
2327;4;870.46;196
2328;1;246.7;60
2329;2;1143.18;84
2330;1;386.68;199
2331;3;925.01;163
2332;1;1701.68;31
2333;3;734.33;248
2334;2;1756.5;237
2335;1;99.55;210
2336;2;805.57;225
2337;4;877.12;37
2338;4;900.99;26
2339;1;344.96;322
2340;2;1717.18;20
2341;1;484.16;134
2342;4;868.79;116
2343;1;728.12;108
2344;3;773.69;90
2345;1;435.88;77
2346;3;1131.38;138
2347;2;831.35;260
2348;3;389.39;2
2349;3;881.16;77
2350;4;986.5;154
2351;4;409.11;18
2352;2;1224.62;79
2353;3;501.82;1
2354;4;735.57;43
2355;3;597.54;28
2356;2;219.44;87
2357;1;117.54;113
2358;4;1392.43;19
2359;4;1360.0;26
2360;2;275.0;34
2361;2;1356.9;69
2362;3;1224.21;141
2363;3;1577.8;10
2364;1;1347.96;188
2365;3;469.05;115
2366;1;383.54;230
2367;0;0.0;0
2368;0;0.0;0
2369;1;1116.42;191
2370;1;224.97;255
2371;4;1152.06;15
2372;3;468.44;118
2373;7;475.72;9
2374;4;713.54;1
2375;3;1020.03;39
2376;5;539.5;65
2377;1;1424.16;179
2378;3;563.23;77
2379;2;426.88;232
2380;4;1172.59;29
2381;0;0.0;0
2382;1;1963.92;165
2383;1;1190.28;256
2384;1;300.04;140
2385;5;716.61;70
2386;2;293.12;211
2387;2;668.03;36
2388;4;1065.42;92
2389;2;231.31;103
2390;3;770.82;95
2391;2;687.29;27
2392;2;714.82;139
2393;1;978.86;323
2394;4;754.46;99
2395;5;867.49;81
2396;1;981.96;45
2397;0;0.0;0
2398;1;335.32;117
2399;2;208.1;68
2400;2;212.35;80
2401;3;713.94;98
2402;4;697.14;16
2403;4;1020.09;75
2404;3;382.71;197
2405;3;1473.42;47
2406;3;939.78;153
2407;2;1062.9;110
2408;5;976.75;6
2409;4;873.07;7
2410;3;876.8;210
2411;3;1334.31;115
2412;4;1369.16;14
2413;3;425.32;120
2414;2;485.51;59
2415;2;316.59;50
2416;5;1111.35;97
2417;0;0.0;0
2418;3;246.1;24
2419;5;359.47;81
2420;5;536.15;19
2421;2;713.35;96
2422;0;0.0;0
2423;1;275.61;68
2424;1;1296.08;121
2425;1;1244.31;51
2426;3;1296.85;36
2427;1;1201.32;355
2428;0;0.0;0
2429;3;869.4;19
2430;6;783.95;106
2431;2;415.91;78
2432;5;1204.46;85
2433;2;1430.62;151
2434;2;192.22;253
2435;2;688.94;32
2436;4;341.5;38
2437;1;2491.3;6
2438;6;738.24;58
2439;4;680.44;112
2440;4;560.41;115
2441;3;930.23;140
2442;2;376.41;37
2443;4;423.94;163
2444;4;1121.77;98
2445;1;1993.04;353
2446;4;1018.31;15
2447;4;753.11;17
2448;6;622.3;16
2449;2;1370.95;178
2450;1;504.58;280
2451;3;611.63;62
2452;7;884.58;152
2453;4;916.35;207
2454;3;595.6;73
2455;0;0.0;0
2456;3;327.41;147
2457;2;967.64;200
2458;4;1222.2;52
2459;1;380.58;301
2460;2;1122.55;48
2461;5;1742.47;108
2462;2;1176.57;38
2463;2;542.85;33
2464;5;528.06;21
2465;3;1173.51;220
2466;4;580.98;5
2467;2;313.73;242
2468;2;1892.6;148
2469;3;873.47;112
2470;2;242.72;7
2471;0;0.0;0
2472;5;897.28;10
2473;3;814.38;46
2474;4;796.44;39
2475;3;674.82;182
2476;4;617.62;126
2477;3;1137.72;166
2478;5;862.26;102
2479;1;364.06;223
2480;2;282.87;137
2481;6;517.07;19
2482;5;789.68;21
2483;1;830.72;288
2484;1;610.52;217
2485;2;1007.58;53
2486;5;1085.78;15
2487;2;798.63;176
2488;3;666.9;53
2489;4;1030.22;80
2490;0;0.0;0
2491;1;499.24;160
2492;4;862.09;110
2493;1;142.6;102
2494;1;316.6;232
2495;4;326.88;64
2496;1;1036.16;46
2497;1;304.24;163
2498;3;481.49;82
2499;3;625.11;152
2500;2;496.18;14
2501;3;426.91;59
2502;2;570.44;161
2503;1;1194.08;109
2504;3;1779.35;76
2505;2;1335.64;73
2506;2;1044.67;43
2507;2;1257.85;34
2508;2;27.26;216
2509;6;873.78;200
2510;2;487.53;181
2511;1;253.05;14
2512;3;612.33;126
2513;2;53.04;137
2514;7;536.32;1
2515;3;711.91;110
2516;3;1109.36;52
2517;3;642.42;154
2518;1;351.68;269
2519;7;853.88;77
2520;3;859.71;98
2521;4;1206.41;40
2522;3;1355.35;26
2523;2;333.82;30
2524;1;50.16;199
2525;1;360.19;10
2526;3;958.49;37
2527;3;235.53;68
2528;3;512.11;265
2529;5;941.06;133
2530;5;1056.65;30
2531;3;342.72;16
2532;7;936.09;2
2533;6;794.89;1
2534;1;332.82;308
2535;5;1025.95;39
2536;3;867.6;153
2537;2;474.93;350
2538;2;992.39;130
2539;1;489.43;230
2540;3;598.93;32
2541;5;921.16;67
2542;1;196.05;123
2543;2;551.94;72
2544;6;951.45;32
2545;3;355.26;49
2546;3;396.77;197
2547;4;559.17;77
2548;4;1131.26;118
2549;2;264.22;56
2550;1;459.35;131
2551;2;665.41;129
2552;3;625.53;147
2553;3;695.52;99
2554;6;969.75;35
2555;4;784.72;151
2556;4;974.66;178
2557;4;256.46;119
2558;5;584.47;10
2559;4;1187.05;189
2560;5;597.75;32
2561;2;874.63;166
2562;1;957.66;93
2563;4;435.81;108
2564;3;224.19;84
2565;5;859.83;11
2566;4;419.22;10
2567;1;671.85;23
2568;2;1122.27;18
2569;1;448.98;335
2570;1;85.06;101
2571;4;517.28;0
2572;4;162.04;80
2573;0;0.0;0
2574;9;1017.26;54
2575;2;323.68;199
2576;3;612.84;181
2577;0;0.0;0
2578;3;1078.83;62
2579;4;330.26;9
2580;5;829.45;17
2581;0;0.0;0
2582;2;1159.66;167
2583;3;1027.38;136
2584;2;921.06;198
2585;2;1278.15;233
2586;0;0.0;0
2587;3;815.94;140
2588;4;462.43;222
2589;1;757.32;220
2590;1;507.5;84
2591;3;578.74;37
2592;1;619.92;3
2593;0;0.0;0
2594;3;797.7;25
2595;1;320.07;103
2596;1;963.16;118
2597;2;210.68;291
2598;3;1234.54;56
2599;4;1106.39;23
2600;3;858.21;136
2601;6;875.43;78
2602;2;280.36;211
2603;3;92.4;46
2604;5;481.85;22
2605;2;646.55;3
2606;1;2218.5;350
2607;1;2002.8;211
2608;3;1198.56;84
2609;1;757.32;116
2610;1;885.48;260
2611;3;639.31;32
2612;5;1029.21;61
2613;3;265.35;59
2614;2;947.83;147
2615;0;0.0;0
2616;3;835.73;172
2617;1;95.81;285
2618;2;689.39;5
2619;2;499.74;111
2620;3;744.92;44
2621;6;828.24;19
2622;4;624.08;12
2623;4;255.09;44
2624;1;788.46;204
2625;4;324.17;71
2626;1;37.66;170
2627;9;853.51;81
2628;2;738.0;84
2629;1;88.95;199
2630;4;1377.87;233
2631;2;463.19;263
2632;2;952.28;167
2633;4;862.02;108
2634;2;596.76;65
2635;4;401.3;71
2636;3;667.91;47
2637;1;652.18;248
2638;1;878.44;316
2639;4;444.95;124
2640;2;262.99;202
2641;0;0.0;0
2642;7;786.49;34
2643;4;777.55;39
2644;1;1329.06;270
2645;1;862.5;302
2646;3;457.57;162
2647;1;285.3;147
2648;5;850.95;12
2649;3;730.13;69
2650;1;380.58;95
2651;0;0.0;0
2652;7;584.8;2
2653;4;568.07;212
2654;1;867.88;328
2655;2;433.51;111
2656;2;592.57;205
2657;5;733.24;77
2658;1;267.6;114
2659;2;290.81;3
2660;3;430.87;148
2661;0;0.0;0
2662;4;442.29;154
2663;1;370.05;320
2664;2;521.89;99
2665;4;849.74;29
2666;2;369.89;67
2667;1;790.08;255
2668;2;1008.21;253
2669;5;623.87;64
2670;2;1122.79;33
2671;3;1227.05;127
2672;5;770.4;88
2673;2;283.76;66
2674;3;1248.35;1
2675;3;595.41;21
2676;3;607.53;125
2677;5;222.51;32
2678;2;1555.11;135
2679;3;188.07;45
2680;1;2076.8;145
2681;2;858.62;110
2682;1;774.26;81
2683;1;1957.72;51
2684;1;419.49;336
2685;4;1458.6;47
2686;3;604.57;196
2687;4;924.39;11
2688;4;1196.68;31
2689;2;420.83;168
2690;3;1248.67;204
2691;2;679.0;198
2692;2;1137.34;22
2693;1;438.06;22
2694;1;438.98;291
2695;4;1092.92;157
2696;0;0.0;0
2697;3;567.96;14
2698;5;613.37;15
2699;1;280.08;129
2700;1;187.2;145
2701;3;451.8;201
2702;2;632.31;179
2703;5;575.27;0
2704;2;979.05;182
2705;2;51.48;329
2706;2;1222.59;152
2707;2;948.53;188
2708;1;782.9;283
2709;2;673.7;60
2710;4;1080.21;145
2711;2;329.01;2
2712;6;625.07;16
2713;3;824.73;43
2714;0;0.0;0
2715;3;639.88;180
2716;5;682.4;134
2717;0;0.0;0
2718;1;936.8;105
2719;5;1034.15;14
2720;2;2212.27;173
2721;4;622.11;24
2722;4;719.06;69
2723;3;437.79;95
2724;1;675.27;261
2725;2;552.52;156
2726;2;978.63;323
2727;5;503.44;126
2728;1;878.12;327
2729;4;718.21;122
2730;2;287.84;140
2731;4;793.0;16
2732;4;284.81;43
2733;3;362.25;209
2734;2;401.11;75
2735;4;945.66;90
2736;2;326.86;236
2737;0;0.0;0
2738;2;1071.3;222
2739;1;1074.27;154
2740;1;84.75;194
2741;3;650.98;94
2742;4;512.17;164
2743;3;274.57;12
2744;2;952.42;28
2745;8;1036.52;1
2746;3;1345.83;51
2747;4;617.91;30
2748;5;918.24;207
2749;4;717.44;233
2750;1;1700.2;10
2751;4;681.38;22
2752;4;748.18;23
2753;3;1121.65;144
2754;0;0.0;0
2755;1;177.55;253
2756;4;978.44;59
2757;2;148.97;29
2758;4;737.46;78
2759;2;750.68;113
2760;3;983.27;175
2761;2;176.1;56
2762;2;857.6;110
2763;2;575.75;237
2764;2;659.41;57
2765;3;848.76;214
2766;3;654.84;275
2767;0;0.0;0
2768;1;425.94;112
2769;3;444.48;68
2770;4;453.07;143
2771;3;1146.31;4
2772;3;1006.14;65
2773;1;1221.21;189
2774;5;1311.44;40
2775;1;1342.26;247
2776;6;684.53;15
2777;2;693.09;116
2778;4;1035.26;2
2779;1;212.31;173
2780;2;1127.93;94
2781;1;212.31;327
2782;4;755.06;106
2783;1;173.5;263
2784;1;469.13;344
2785;4;1107.01;30
2786;3;562.24;108
2787;3;951.14;112
2788;1;263.69;2
2789;1;669.0;2
2790;2;1572.93;126
2791;2;458.29;65
2792;3;1200.8;41
2793;1;600.48;30
2794;3;803.88;119
2795;3;603.26;50
2796;5;691.73;31
2797;3;1305.9;21
2798;2;684.35;2
2799;7;604.45;9
2800;3;144.58;109
2801;3;1048.71;107
2802;2;1038.1;94
2803;2;1112.69;279
2804;3;505.02;46
2805;1;190.29;175
2806;3;1035.73;87
2807;3;246.65;83
2808;3;951.24;198
2809;2;1259.67;164
2810;0;0.0;0
2811;2;1654.34;68
2812;4;963.5;142
2813;4;731.52;160
2814;3;516.69;42
2815;1;141.54;202
2816;3;972.07;44
2817;1;1840.56;255
2818;1;389.73;130
2819;1;1868.96;275
2820;3;1129.72;0
2821;4;520.51;62
2822;2;93.98;233
2823;4;1137.62;112
2824;1;196.05;284
2825;3;59.75;129
2826;3;816.35;56
2827;4;906.46;108
2828;1;882.62;309
2829;1;485.64;168
2830;2;1302.78;168
2831;6;220.35;5
2832;5;893.89;31
2833;1;1195.16;76
2834;2;405.66;293
2835;0;0.0;0
2836;2;1615.3;9
2837;3;835.76;1
2838;1;1484.2;44
2839;2;675.19;57
2840;3;830.92;205
2841;2;856.84;66
2842;3;436.42;78
2843;2;1149.79;193
2844;3;784.82;64
2845;2;1112.89;279
2846;4;621.35;8
2847;4;414.12;13
2848;3;582.03;157
2849;1;1686.45;263
2850;2;1250.26;157
2851;8;751.33;41
2852;2;921.27;133
2853;1;1407.72;76
2854;2;485.64;137
2855;3;623.06;0
2856;1;860.01;54
2857;1;229.64;149
2858;7;696.58;22
2859;7;783.36;9
2860;1;11.31;257
2861;3;726.78;114
2862;2;517.35;38
2863;3;175.76;133
2864;1;133.52;237
2865;3;745.42;10
2866;3;1846.71;61
2867;2;514.12;220
2868;3;713.63;131
2869;4;560.5;1
2870;2;884.28;191
2871;2;954.04;146
2872;1;1287.78;212
2873;1;714.38;269
2874;3;995.36;283
2875;3;410.21;40
2876;3;165.24;37
2877;3;1118.69;134
2878;1;1677.68;284
2879;1;1125.0;219
2880;0;0.0;0
2881;2;490.85;209
2882;0;0.0;0
2883;3;558.81;38
2884;3;510.55;85
2885;1;862.4;237
2886;0;0.0;0
2887;1;443.92;121
2888;2;868.45;130
2889;0;0.0;0
2890;5;1110.75;39
2891;2;301.69;253
2892;6;1007.76;85
2893;4;657.06;156
2894;3;633.9;198
2895;5;961.1;141
2896;2;1249.55;59
2897;0;0.0;0
2898;2;950.28;199
2899;2;927.37;33
2900;2;778.65;100
2901;3;489.75;191
2902;5;985.49;1
2903;2;338.46;85
2904;4;893.15;30
2905;0;0.0;0
2906;5;798.96;44
2907;0;0.0;0
2908;1;293.0;360
2909;2;173.17;184
2910;1;151.83;214
2911;5;859.22;16
2912;2;522.04;145
2913;5;1003.45;3
2914;1;254.64;61
2915;3;1505.1;20
2916;3;469.27;6
2917;2;1247.71;193
2918;1;55.99;107
2919;4;791.48;284
2920;4;611.71;71
2921;3;1519.85;144
2922;1;960.06;133
2923;3;903.31;41
2924;2;835.92;135
2925;5;462.45;22
2926;1;262.8;294
2927;1;827.0;329
2928;2;970.69;74
2929;3;1252.12;74
2930;4;808.58;85
2931;3;1056.88;123
2932;2;1382.84;118
2933;1;1772.08;263
2934;5;590.8;30
2935;1;287.18;58
2936;1;1246.08;138
2937;7;415.37;34
2938;3;1026.16;11
2939;2;1008.65;12
2940;2;1296.1;99
2941;3;848.76;109
2942;2;1086.39;211
2943;5;621.65;36
2944;3;406.53;85
2945;1;782.9;300
2946;4;477.23;13
2947;3;1207.86;7
2948;8;658.97;0
2949;1;2195.3;332
2950;3;197.32;9
2951;3;822.97;46
2952;7;952.36;153
2953;5;624.35;21
2954;2;268.92;70
2955;5;1081.51;37
2956;3;759.06;59
2957;2;582.95;95
2958;2;396.05;238
2959;0;0.0;0
2960;1;302.0;268
2961;2;624.3;96
2962;3;1549.97;171
2963;1;710.2;224
2964;10;934.81;40
2965;3;1057.43;183
2966;7;806.83;24
2967;3;192.32;163
2968;4;828.85;121
2969;4;423.12;68
2970;6;729.54;18
2971;1;249.8;262
2972;4;234.11;72
2973;2;1311.24;205
2974;2;384.65;42
2975;1;195.9;292
2976;1;1324.12;273
2977;1;788.4;298
2978;3;797.12;18
2979;8;894.73;55
2980;2;603.62;92
2981;3;912.22;11
2982;0;0.0;0
2983;3;621.57;125
2984;2;551.38;204
2985;3;523.32;10
2986;4;575.25;102
2987;5;856.52;73
2988;3;964.62;91
2989;2;842.27;69
2990;2;1266.86;6
2991;2;359.22;195
2992;5;873.02;5
2993;7;702.98;21
2994;1;458.19;43
2995;2;1709.74;221
2996;1;259.04;249
2997;0;0.0;0
2998;1;930.9;166
2999;3;1559.75;107
3000;0;0.0;0
